PASS	test_ciclo_vida.CicloDeVidaTest.test_argv_vacio_se_rechaza_y_no_registra_trabajo
PASS	test_ciclo_vida.CicloDeVidaTest.test_cancelar_trabajo_en_ejecucion
PASS	test_ciclo_vida.CicloDeVidaTest.test_cancelar_trabajo_inexistente
PASS	test_ciclo_vida.CicloDeVidaTest.test_codigo_de_salida_distinto_de_cero_termina_en_failed
PASS	test_ciclo_vida.CicloDeVidaTest.test_comando_inexistente_falla_sin_tumbar_el_gestor
PASS	test_ciclo_vida.CicloDeVidaTest.test_exito_termina_en_succeeded_con_codigo_0
PASS	test_ciclo_vida.CicloDeVidaTest.test_stderr_del_trabajo_se_guarda_en_archivo
PASS	test_ciclo_vida.CicloDeVidaTest.test_trabajo_cancelado_no_cambia_de_estado_en_poll
PASS	test_ciclo_vida.CicloDeVidaTest.test_trabajo_corre_en_proceso_separado
PASS	test_ciclo_vida.CicloDeVidaTest.test_transiciones_invalidas_lanzan_error
PASS	test_ciclo_vida.CicloDeVidaTest.test_transiciones_validas
FAIL	test_ids_unicos.IdsUnicosTest.test_ids_unicos_en_2000_trabajos
